{"cameraMode":{"drawMode":0,"name":"Shaded","section":"Shading Mode"},"sceneLighting":true,"audioPlay":false,"sceneViewState":{"showFog":false,"showMaterialUpdate":false,"showSkybox":false,"showFlares":false,"showImageEffects":false,"showParticleSystems":false},"in2DMode":false,"pivot":{"x":5.393394470214844,"y":3.1420021057128908,"z":3.714869737625122},"rotation":{"x":0.4213925004005432,"y":-0.01225684117525816,"z":0.005661956965923309,"w":0.9068245887756348},"size":4.449285507202148,"orthographic":false}