{"cameraMode":{"drawMode":0,"name":"Shaded","section":"Shading Mode"},"sceneLighting":false,"audioPlay":false,"sceneViewState":{"showFog":false,"showMaterialUpdate":false,"showSkybox":false,"showFlares":false,"showImageEffects":false,"showParticleSystems":false},"in2DMode":false,"pivot":{"x":4.519999980926514,"y":1.5,"z":-9.869999885559082},"rotation":{"x":0.5167086124420166,"y":-0.0025688728783279659,"z":0.0015495334519073368,"w":0.8561639189720154},"size":1.7492854595184327,"orthographic":false}