{"cameraMode":{"drawMode":0,"name":"Shaded","section":"Shading Mode"},"sceneLighting":false,"audioPlay":false,"sceneViewState":{"showFog":false,"showMaterialUpdate":false,"showSkybox":false,"showFlares":false,"showImageEffects":false,"showParticleSystems":false},"in2DMode":false,"pivot":{"x":5.539999961853027,"y":0.15000000596046449,"z":3.630000114440918},"rotation":{"x":0.4403338134288788,"y":-0.012133496813476086,"z":0.0059188478626310829,"w":0.8977628946304321},"size":0.6928204298019409,"orthographic":false}