{"cameraMode":{"drawMode":0,"name":"Shaded","section":"Shading Mode"},"sceneLighting":false,"audioPlay":false,"sceneViewState":{"showFog":false,"showMaterialUpdate":false,"showSkybox":false,"showFlares":false,"showImageEffects":false,"showParticleSystems":false},"in2DMode":false,"pivot":{"x":5.329999923706055,"y":0.009999999776482582,"z":4.252086639404297},"rotation":{"x":0.43769368529319765,"y":0.12074968963861466,"z":-0.05945153534412384,"w":0.889008104801178},"size":10.0,"orthographic":false}