{"cameraMode":{"drawMode":0,"name":"Shaded","section":"Shading Mode"},"sceneLighting":false,"audioPlay":false,"sceneViewState":{"showFog":false,"showMaterialUpdate":false,"showSkybox":false,"showFlares":false,"showImageEffects":false,"showParticleSystems":false},"in2DMode":false,"pivot":{"x":4.882194519042969,"y":0.5678966045379639,"z":2.674865245819092},"rotation":{"x":-0.3534323275089264,"y":-0.15142403542995454,"z":0.05808957293629646,"w":-0.9212987422943115},"size":1.1660254001617432,"orthographic":false}