{"cameraMode":{"drawMode":0,"name":"Shaded","section":"Shading Mode"},"sceneLighting":false,"audioPlay":false,"sceneViewState":{"showFog":false,"showMaterialUpdate":false,"showSkybox":false,"showFlares":false,"showImageEffects":false,"showParticleSystems":false},"in2DMode":false,"pivot":{"x":5.0,"y":0.3999999761581421,"z":15.380000114440918},"rotation":{"x":0.4321553707122803,"y":0.07424241304397583,"z":-0.035766709595918658,"w":0.8980684876441956},"size":0.6123724579811096,"orthographic":false}